
{
  "success": true,
  "data": {
    "lines": [
      [
        1,
        99.30597249871,
        99.30597249871,
        99.40597249871,
        99.40597249871,
        66.9905449283
      ],
      [
        2,
        90.30597249871,
        90.30597249871,
        91.30597249871,
        99.30597249871,
        56.9905449283
      ],
      [
        3,
        79.30597249871,
        86.30597249871,
        99.30597249871,
        92.30597249871,
        26.9905449283
      ],
      [
        1.5121944E12,
        99.52,
        99.53,
        99.27,
        99.28,
        724.03
    	]
    ],
    "depths": {
      "asks": [
        [
          500654.27,
          0.5
        ]
      ],
      "bids": [
        [
          5798.79,
          0.013
        ]
      ]
    }
  }
}